date,currency,rate
2019-01-01,AUD,2.07
2019-01-01,CAD,1.634
2019-01-01,CHF,-0.813503555555556
2019-01-01,EUR,-0.308
2019-01-01,GBP,0.91822
2019-01-01,JPY,0.03
2019-01-01,NZD,1.91
2019-01-01,USD,2.59
2019-02-01,AUD,1.96
2019-02-01,CAD,1.665
2019-02-01,CHF,-0.768617571428571
2019-02-01,EUR,-0.30845
2019-02-01,GBP,0.87598
2019-02-01,JPY,0.03
2019-02-01,NZD,1.9
2019-02-01,USD,2.49
2019-03-01,AUD,1.83
2019-03-01,CAD,1.66
2019-03-01,CHF,-0.756575222222222
2019-03-01,EUR,-0.309190476190476
2019-03-01,GBP,0.84
2019-03-01,JPY,0.05
2019-03-01,NZD,1.88
2019-03-01,USD,2.48
2019-04-01,AUD,1.68
2019-04-01,CAD,1.675
2019-04-01,CHF,-0.7475
2019-04-01,EUR,-0.31045
2019-04-01,GBP,0.82
2019-04-01,JPY,0.05
2019-04-01,NZD,1.81
2019-04-01,USD,2.47
2019-05-01,AUD,1.54
2019-05-01,CAD,1.678
2019-05-01,CHF,-0.7752625
2019-05-01,EUR,-0.311863636363636
2019-05-01,GBP,0.8
2019-05-01,JPY,0.049
2019-05-01,NZD,1.72
2019-05-01,USD,2.44
2019-06-01,AUD,1.29
2019-06-01,CAD,1.665
2019-06-01,CHF,-0.780555
2019-06-01,EUR,-0.3289
2019-06-01,GBP,0.78
2019-06-01,JPY,0.049
2019-06-01,NZD,1.6
2019-06-01,USD,2.3
2019-07-01,AUD,1.11
2019-07-01,CAD,1.654
2019-07-01,CHF,-0.84
2019-07-01,EUR,-0.364869565217391
2019-07-01,GBP,0.77
2019-07-01,JPY,0.049
2019-07-01,NZD,1.55
2019-07-01,USD,2.22
2019-08-01,AUD,0.98
2019-08-01,CAD,1.635
2019-08-01,CHF,-0.8075
2019-08-01,EUR,-0.407681818181818
2019-08-01,GBP,0.76
2019-08-01,JPY,0.009
2019-08-01,NZD,1.25
2019-08-01,USD,2.06
2019-09-01,AUD,0.98
2019-09-01,CAD,1.6275
2019-09-01,CHF,-0.79125
2019-09-01,EUR,-0.417571428571429
2019-09-01,GBP,0.77
2019-09-01,JPY,0.009
2019-09-01,NZD,1.15
2019-09-01,USD,2.03
2019-10-01,AUD,0.88
2019-10-01,CAD,1.654
2019-10-01,CHF,-0.756590909090909
2019-10-01,EUR,-0.412869565217391
2019-10-01,GBP,0.78
2019-10-01,JPY,0.009
2019-10-01,NZD,1.05
2019-10-01,USD,1.88
2019-11-01,AUD,0.91
2019-11-01,CAD,1.6625
2019-11-01,CHF,-0.705643333333333
2019-11-01,EUR,-0.401285714285714
2019-11-01,GBP,0.79
2019-11-01,JPY,0.018
2019-11-01,NZD,1.18
2019-11-01,USD,1.77
2019-12-01,AUD,0.9
2019-12-01,CAD,1.6575
2019-12-01,CHF,-0.736666666666667
2019-12-01,EUR,-0.3947
2019-12-01,GBP,0.79
2019-12-01,JPY,0.021
2019-12-01,NZD,1.22
2019-12-01,USD,1.76
2020-01-01,AUD,0.89
2020-01-01,CAD,1.646
2020-01-01,CHF,-0.74875
2020-01-01,EUR,-0.391136363636364
2020-01-01,GBP,0.74
2020-01-01,JPY,0.021
2020-01-01,NZD,1.27
2020-01-01,USD,1.65
2020-02-01,AUD,0.89
2020-02-01,CAD,1.6325
2020-02-01,CHF,-0.7164475
2020-02-01,EUR,-0.40885
2020-02-01,GBP,0.75
2020-02-01,JPY,0.021
2020-02-01,NZD,1.18
2020-02-01,USD,1.59
2020-03-01,AUD,0.53
2020-03-01,CAD,0.6725
2020-03-01,CHF,-0.675
2020-03-01,EUR,-0.416636363636364
2020-03-01,GBP,0.53
2020-03-01,JPY,0.006
2020-03-01,NZD,0.71
2020-03-01,USD,1.35
2020-04-01,AUD,0.17
2020-04-01,CAD,0.246
2020-04-01,CHF,-0.624583333333333
2020-04-01,EUR,-0.25405
2020-04-01,GBP,0.65
2020-04-01,JPY,-0.039
2020-04-01,NZD,0.39
2020-05-01,AUD,0.1
2020-05-01,CAD,0.235
2020-05-01,CHF,-0.663348888888889
2020-05-01,EUR,-0.27195
2020-05-01,GBP,0.33
2020-05-01,JPY,-0.042
2020-05-01,NZD,0.26
2020-05-01,USD,0.17
2020-06-01,AUD,0.1
2020-06-01,CAD,0.1925
2020-06-01,CHF,-0.6658145
2020-06-01,EUR,-0.376
2020-06-01,GBP,0.19
2020-06-01,JPY,-0.042
2020-06-01,NZD,0.28
2020-06-01,USD,0.2
2020-07-01,AUD,0.1
2020-07-01,CAD,0.18
2020-07-01,CHF,-0.69071347826087
2020-07-01,EUR,-0.444130434782609
2020-07-01,GBP,0.1
2020-07-01,JPY,-0.065
2020-07-01,NZD,0.3
2020-07-01,USD,0.18
2020-08-01,AUD,0.1
2020-08-01,CAD,0.1575
2020-08-01,CHF,-0.706807142857143
2020-08-01,EUR,-0.479714285714286
2020-08-01,GBP,0.07
2020-08-01,JPY,-0.065
2020-08-01,NZD,0.29
2020-08-01,USD,0.15
2020-09-01,AUD,0.09
2020-09-01,CAD,0.142
2020-09-01,CHF,-0.708714090909091
2020-09-01,EUR,-0.491363636363636
2020-09-01,GBP,0.06
2020-09-01,JPY,-0.055
2020-09-01,NZD,0.3
2020-09-01,USD,0.13
2020-10-01,AUD,0.07
2020-10-01,CAD,0.1
2020-10-01,CHF,-0.698181818181818
2020-10-01,EUR,-0.509136363636364
2020-10-01,GBP,0.05
2020-10-01,JPY,-0.055
2020-10-01,NZD,0.27
2020-10-01,USD,0.12
2020-11-01,AUD,0.02
2020-11-01,CAD,0.1075
2020-11-01,CHF,-0.73
2020-11-01,EUR,-0.520857142857143
2020-11-01,GBP,0.04
2020-11-01,JPY,-0.055
2020-11-01,NZD,0.27
2020-11-01,USD,0.16
2020-12-01,AUD,0.02
2020-12-01,CAD,0.106
2020-12-01,CHF,-0.742727272727273
2020-12-01,EUR,-0.538090909090909
2020-12-01,GBP,0.03
2020-12-01,JPY,-0.055
2020-12-01,NZD,0.26
2020-12-01,USD,0.17
2021-01-01,AUD,0.01
2021-01-01,CAD,0.0575
2021-01-01,CHF,-0.729838
2021-01-01,EUR,-0.54715
2021-01-01,GBP,0.03
2021-01-01,JPY,-0.055
2021-01-01,NZD,0.28
2021-01-01,USD,0.14
2021-02-01,AUD,0.01
2021-02-01,CAD,0.0825
2021-02-01,CHF,-0.732424
2021-02-01,EUR,-0.5411
2021-02-01,GBP,0.05
2021-02-01,JPY,-0.055
2021-02-01,NZD,0.28
2021-02-01,USD,0.11
2021-03-01,AUD,0.03
2021-03-01,CAD,0.106
2021-03-01,CHF,-0.73
2021-03-01,EUR,-0.539086956521739
2021-03-01,GBP,0.08
2021-03-01,JPY,-0.065
2021-03-01,NZD,0.33
2021-03-01,USD,0.1
2021-04-01,AUD,0.04
2021-04-01,CAD,0.0925
2021-04-01,CHF,-0.7285415
2021-04-01,EUR,-0.53815
2021-04-01,GBP,0.09
2021-04-01,JPY,-0.065
2021-04-01,NZD,0.34
2021-04-01,USD,0.11
2021-05-01,AUD,0.04
2021-05-01,CAD,0.0975
2021-05-01,CHF,-0.735221052631579
2021-05-01,EUR,-0.540095238095238
2021-05-01,GBP,0.08
2021-05-01,JPY,-0.065
2021-05-01,NZD,0.35
2021-05-01,USD,0.1
2021-06-01,AUD,0.03
2021-06-01,CAD,0.128
2021-06-01,CHF,-0.737727272727273
2021-06-01,EUR,-0.542909090909091
2021-06-01,GBP,0.08
2021-06-01,JPY,-0.072
2021-06-01,NZD,0.33
2021-06-01,USD,0.09
2021-07-01,AUD,0.02
2021-07-01,CAD,0.1675
2021-07-01,CHF,-0.736136363636364
2021-07-01,EUR,-0.544818181818182
2021-07-01,GBP,0.08
2021-07-01,JPY,-0.072
2021-07-01,NZD,0.4
2021-07-01,USD,0.1
2021-08-01,AUD,0.01
2021-08-01,CAD,0.1775
2021-08-01,CHF,-0.738181818181818
2021-08-01,EUR,-0.547590909090909
2021-08-01,GBP,0.07
2021-08-01,JPY,-0.072
2021-08-01,NZD,0.54
2021-08-01,USD,0.1
2021-09-01,AUD,0.01
2021-09-01,CAD,0.132
2021-09-01,CHF,-0.82
2021-09-01,EUR,-0.545045454545454
2021-09-01,GBP,0.07
2021-09-01,JPY,-0.072
2021-09-01,NZD,0.57
2021-09-01,USD,0.1
2021-10-01,AUD,0.04
2021-10-01,CAD,0.12
2021-10-01,CHF,-0.726692380952381
2021-10-01,EUR,-0.549809523809524
2021-10-01,GBP,0.16
2021-10-01,JPY,-0.072
2021-10-01,NZD,0.7
2021-10-01,USD,0.11
2021-11-01,AUD,0.04
2021-11-01,CAD,0.1175
2021-11-01,CHF,-0.693960909090909
2021-11-01,EUR,-0.567363636363636
2021-11-01,GBP,0.13
2021-11-01,JPY,-0.072
2021-11-01,NZD,0.83
2021-11-01,USD,0.14
2021-12-01,AUD,0.06
2021-12-01,CAD,0.078
2021-12-01,CHF,-0.71745652173913
2021-12-01,EUR,-0.58195652173913
2021-12-01,GBP,0.16
2021-12-01,JPY,-0.049
2021-12-01,NZD,0.91
2021-12-01,USD,0.17
2022-01-01,AUD,0.07
2022-01-01,CAD,0.305
2022-01-01,CHF,-0.714190952380952
2022-01-01,EUR,-0.560142857142857
2022-01-01,GBP,0.53
2022-01-01,JPY,-0.049
2022-01-01,NZD,1.03
2022-01-01,USD,0.22
2022-02-01,AUD,0.07
2022-02-01,CAD,0.325
2022-02-01,CHF,-0.684792
2022-02-01,EUR,-0.53150000005
2022-02-01,GBP,0.81
2022-02-01,JPY,-0.049
2022-02-01,NZD,1.21
2022-02-01,USD,0.38
2022-03-01,AUD,0.17
2022-03-01,CAD,0.566
2022-03-01,CHF,-0.682174347826087
2022-03-01,EUR,-0.495434782608696
2022-03-01,GBP,0.99
2022-03-01,JPY,-0.049
2022-03-01,NZD,1.49
2022-03-01,USD,0.73
2022-04-01,AUD,0.41
2022-04-01,CAD,1.0475
2022-04-01,CHF,-0.6725
2022-04-01,EUR,-0.447894736842105
2022-04-01,GBP,1.13
2022-04-01,JPY,-0.049
2022-04-01,NZD,1.81
2022-04-01,USD,0.91
2022-05-01,AUD,1.0
2022-05-01,CAD,1.3675
2022-05-01,CHF,-0.685
2022-05-01,EUR,-0.385727272727273
2022-05-01,GBP,1.31
2022-05-01,JPY,-0.049
2022-05-01,NZD,2.22
2022-05-01,USD,1.33
2022-06-01,AUD,1.6
2022-06-01,CAD,1.834
2022-06-01,CHF,-0.508571428571429
2022-06-01,EUR,-0.239227272727273
2022-06-01,GBP,1.57
2022-06-01,JPY,0.005
2022-06-01,NZD,2.68
2022-06-01,USD,1.87
2022-07-01,AUD,2.07
2022-07-01,CAD,2.445
2022-07-01,CHF,-0.11
2022-07-01,EUR,0.0366190476190476
2022-07-01,GBP,1.84
2022-07-01,JPY,-0.031
2022-07-01,NZD,3.03
2022-07-01,USD,2.5
2022-08-01,AUD,2.31
2022-08-01,CAD,2.908
2022-08-01,CHF,-0.0245454545454545
2022-08-01,EUR,0.394739130434783
2022-08-01,GBP,2.23
2022-08-01,JPY,-0.02
2022-08-01,NZD,3.31
2022-08-01,USD,2.76
2022-09-01,AUD,2.76
2022-09-01,CAD,3.42
2022-09-01,CHF,0.1475
2022-09-01,EUR,1.01086363636364
2022-09-01,GBP,2.91
2022-09-01,JPY,-0.016
2022-09-01,NZD,3.64
2022-09-01,USD,3.21
2022-10-01,AUD,2.95
2022-10-01,CAD,3.76
2022-10-01,CHF,0.52875
2022-10-01,EUR,1.42766666666667
2022-10-01,GBP,3.39
2022-10-01,JPY,-0.016
2022-10-01,NZD,4.0
2022-10-01,USD,3.85
2022-11-01,AUD,3.06
2022-11-01,CAD,3.988
2022-11-01,CHF,0.54
2022-11-01,EUR,1.82522727272727
2022-11-01,GBP,3.52
2022-11-01,JPY,-0.016
2022-11-01,NZD,4.24
2022-11-01,USD,4.46
2022-12-01,AUD,3.17
2022-12-01,CAD,4.1675
2022-12-01,CHF,0.736349047619048
2022-12-01,EUR,2.06347619047619
2022-12-01,GBP,3.78
2022-12-01,JPY,-0.015
2022-12-01,NZD,4.53
2022-12-01,USD,4.51
2023-01-01,AUD,3.32
2023-01-01,CAD,4.325
2023-01-01,CHF,0.986904761904762
2023-01-01,EUR,2.34486363636364
2023-01-01,GBP,4.01
2023-01-01,JPY,-0.006
2023-01-01,NZD,4.81
2023-01-01,USD,4.61
2023-02-01,AUD,3.46
2023-02-01,CAD,4.45
2023-02-01,CHF,1.0
2023-02-01,EUR,2.64035
2023-02-01,GBP,4.21
2023-02-01,JPY,0.001
2023-02-01,NZD,5.01
2023-02-01,USD,4.74
2023-03-01,AUD,3.64
2023-03-01,CAD,4.388
2023-03-01,CHF,1.36382260869565
2023-03-01,EUR,2.91056521739131
2023-03-01,GBP,4.33
2023-03-01,JPY,-0.008
2023-03-01,NZD,5.15
2023-03-01,USD,4.91
2023-04-01,AUD,3.66
2023-04-01,CAD,4.3675
2023-04-01,CHF,1.45
2023-04-01,EUR,3.167
2023-04-01,GBP,4.52
2023-04-01,JPY,-0.001
2023-04-01,NZD,5.49
2023-04-01,USD,5.03
2023-05-01,AUD,3.9
2023-05-01,CAD,4.478
2023-05-01,CHF,1.45
2023-05-01,EUR,3.3664347826087
2023-05-01,GBP,4.73
2023-05-01,JPY,-0.019
2023-05-01,NZD,5.67
2023-05-01,USD,5.15
2023-06-01,AUD,4.25
2023-06-01,CAD,4.8325
2023-06-01,CHF,1.59045454545455
2023-06-01,EUR,3.53586363636364
2023-06-01,GBP,5.09
2023-06-01,JPY,-0.003
2023-06-01,NZD,5.68
2023-06-01,USD,5.22
2023-07-01,AUD,4.3
2023-07-01,CAD,4.935
2023-07-01,CHF,1.72
2023-07-01,EUR,3.67180952380952
2023-07-01,GBP,5.49
2023-07-01,JPY,-0.003
2023-07-01,NZD,5.67
2023-07-01,USD,5.35
2023-08-01,AUD,4.15
2023-08-01,CAD,5.054
2023-08-01,CHF,1.76727272727273
2023-08-01,EUR,3.78030434782609
2023-08-01,GBP,5.53
2023-08-01,JPY,-0.003
2023-08-01,NZD,5.64
2023-08-01,USD,5.44
2023-09-01,AUD,4.13
2023-09-01,CAD,5.0375
2023-09-01,CHF,1.77
2023-09-01,EUR,3.88004761904762
2023-09-01,GBP,5.52
2023-09-01,JPY,0.024
2023-09-01,NZD,5.68
2023-09-01,USD,5.49
2023-10-01,AUD,4.21
2023-10-01,CAD,5.08
2023-10-01,CHF,1.77
2023-10-01,EUR,3.96763636363636
2023-10-01,GBP,5.4
2023-10-01,JPY,-0.012
2023-10-01,NZD,5.68
2023-10-01,USD,5.46
2023-11-01,AUD,4.38
2023-11-01,CAD,4.996
2023-11-01,CHF,1.73181818181818
2023-11-01,EUR,3.97163636363636
2023-11-01,GBP,5.36
2023-11-01,JPY,0.024
2023-11-01,NZD,5.63
2023-11-01,USD,5.41
2023-12-01,AUD,4.35
2023-12-01,CAD,4.9475
2023-12-01,CHF,1.6525
2023-12-01,EUR,3.93309523809524
2023-12-01,GBP,5.22
2023-12-01,JPY,0.052
2023-12-01,NZD,5.63
2023-12-01,USD,5.32
2024-01-01,AUD,4.35
2024-01-01,CAD,4.948
2024-01-01,CHF,1.6852380952381
2024-01-01,EUR,3.9252727272727297
2024-01-01,GBP,5.2
2024-01-01,JPY,0.025
2024-01-01,NZD,5.64
2024-01-01,USD,5.26
2024-02-01,AUD,4.34
2024-02-01,CAD,4.935
2024-02-01,CHF,1.7
2024-02-01,EUR,3.92319047619048
2024-02-01,GBP,5.21
2024-02-01,JPY,0.027
2024-02-01,NZD,5.71
2024-02-01,USD,5.22
2024-03-01,AUD,4.35
2024-03-01,CAD,4.905
2024-03-01,CHF,1.5
2024-03-01,EUR,3.9223809523809505
2024-03-01,GBP,5.2
2024-03-01,JPY,0.109
2024-03-01,NZD,5.64
2024-03-01,USD,5.29
2024-04-01,AUD,4.37
2024-04-01,CAD,4.925
2024-04-01,CHF,1.5
2024-04-01,EUR,3.88636363636364
2024-04-01,GBP,5.18
2024-04-01,JPY,0.109
2024-04-01,NZD,5.63
2024-04-01,USD,5.33
2024-05-01,AUD,4.36
2024-05-01,CAD,4.868
2024-05-01,CHF,1.5
2024-05-01,EUR,3.81365217391304
2024-05-01,GBP,5.16
2024-05-01,JPY,0.129
2024-05-01,NZD,5.62
2024-05-01,USD,5.33
2024-06-01,AUD,4.39
2024-06-01,CAD,4.6475
2024-06-01,CHF,1.427
2024-06-01,EUR,3.7245
2024-06-01,GBP,5.16
2024-06-01,JPY,0.149
2024-06-01,NZD,5.62
2024-06-01,USD,5.28
2024-07-01,AUD,4.46
2024-07-01,CAD,4.508
2024-07-01,CHF,1.19347826086957
2024-07-01,EUR,3.68482608695652
2024-07-01,GBP,5.09
2024-07-01,JPY,0.166
2024-07-01,NZD,5.55
2024-07-01,USD,5.31
2024-08-01,AUD,4.38
2024-08-01,CAD,4.2325
2024-08-01,CHF,1.06647238095238
2024-08-01,EUR,3.54759090909091
2024-08-01,GBP,4.91
2024-08-01,JPY,0.255
2024-08-01,NZD,5.3
2024-08-01,USD,5.12
2024-09-01,AUD,4.42
2024-09-01,CAD,4.0425
2024-09-01,CHF,1.02214285714286
2024-09-01,EUR,3.43371428571428
2024-09-01,GBP,4.84
2024-09-01,JPY,0.256
2024-09-01,NZD,5.05
2024-09-01,USD,4.86
2024-10-01,AUD,4.41
2024-10-01,CAD,3.71
2024-10-01,CHF,0.894492608695652
2024-10-01,EUR,3.16660869565217
2024-10-01,GBP,4.75
2024-10-01,JPY,0.256
2024-10-01,NZD,4.65
2024-10-01,USD,4.62
2024-11-01,AUD,4.42
2024-11-01,CAD,3.48
2024-11-01,CHF,0.806508095238095
2024-11-01,EUR,3.0067619047619
2024-11-01,GBP,4.68
2024-11-01,JPY,0.362
2024-11-01,NZD,4.42
2024-11-01,USD,4.53
2024-12-01,AUD,4.44
2024-12-01,CAD,3.195
2024-12-01,CHF,0.60075
2024-12-01,EUR,2.81609090909091
2024-12-01,GBP,4.64
2024-12-01,JPY,0.386
2024-12-01,NZD,4.27
2024-12-01,USD,4.46
2025-01-01,AUD,4.33
2025-01-01,CAD,3.058
2025-01-01,CHF,0.408095238095238
2025-01-01,EUR,2.7031304348
2025-01-01,GBP,4.55
2025-01-01,JPY,0.76727
2025-01-01,NZD,4.05
2025-01-01,USD,4.33
2025-02-01,AUD,4.17
2025-02-01,CAD,2.8425
2025-02-01,CHF,0.37125
2025-02-01,EUR,2.52495
2025-02-01,GBP,4.44
2025-02-01,JPY,0.79182
2025-02-01,NZD,3.81
2025-02-01,USD,4.34
2025-03-01,AUD,4.12
2025-03-01,CAD,2.66
2025-03-01,CHF,0.312911904761905
2025-03-01,EUR,2.4424285714
2025-03-01,GBP,4.39
2025-03-01,JPY,0.82091
2025-03-01,NZD,3.67
2025-03-01,USD,4.29
2025-04-01,AUD,4.02
2025-04-01,CAD,2.622
2025-04-01,CHF,0.15585
2025-04-01,EUR,2.2481818182
2025-04-01,GBP,4.26
2025-04-01,JPY,0.78364
2025-04-01,NZD,3.49
2025-04-01,USD,4.32
2025-05-01,AUD,3.78
2025-05-01,CAD,2.6225
2025-05-01,CHF,0.092
2025-05-01,EUR,2.0912727273
2025-05-01,GBP,4.19
2025-05-01,JPY,0.77545
2025-05-01,NZD,3.34
2025-05-01,USD,4.29
2025-06-01,AUD,3.69
2025-06-01,CAD,2.66
2025-06-01,CHF,0.039603
2025-06-01,EUR,1.9836190476
2025-06-01,GBP,4.15
2025-06-01,JPY,0.77273
2025-06-01,NZD,3.3
2025-06-01,USD,4.31
2025-07-01,AUD,3.68
2025-07-01,CAD,2.662
2025-07-01,CHF,-0.0406521739130435
2025-07-01,EUR,1.9863478261
2025-07-01,GBP,4.05
2025-07-01,JPY,0.77273
2025-07-01,NZD,3.25
2025-07-01,USD,4.28
2025-08-01,AUD,3.61
2025-08-01,CAD,2.655
2025-08-01,CHF,-0.0615
2025-08-01,EUR,2.0210952381
2025-08-01,GBP,3.98
2025-08-01,JPY,0.77273
2025-08-01,NZD,3.1
2025-08-01,USD,4.22
2025-09-01,AUD,3.58
2025-09-01,CAD,2.4925
2025-09-01,CHF,-0.0596968181818182
2025-09-01,EUR,2.0272727273
2025-09-01,GBP,3.97
2025-09-01,JPY,0.81818
2025-09-01,NZD,2.93
2025-09-01,USD,4.1
2025-10-01,AUD,3.56
2025-10-01,CAD,2.334
2025-10-01,CHF,-0.0643113043478261
2025-10-01,EUR,2.0344347826
2025-10-01,GBP,3.93
2025-10-01,JPY,0.80909
2025-10-01,NZD,2.58
2025-10-01,USD,3.98
2025-11-01,AUD,3.65
2025-11-01,CAD,2.185
2025-11-01,CHF,-0.0475
2025-11-01,EUR,2.04165
2025-11-01,GBP,3.84
2025-11-01,JPY,0.80636
2025-11-01,NZD,2.47
2025-11-01,USD,3.86
2025-12-01,AUD,3.71
2025-12-01,CAD,2.164
2025-12-01,CHF,-0.0482128571428571
2025-12-01,EUR,2.0457826087
2025-12-01,GBP,3.75
2025-12-01,JPY,1.07273
2025-12-01,NZD,2.49
2025-12-01,USD,3.74
2026-01-01,AUD,3.77
2026-01-01,CAD,2.19
2026-01-01,CHF,-0.0388865
2026-01-01,EUR,2.0277272727
2026-01-01,GBP,3.71
2026-01-01,JPY,1.11636
2026-01-01,NZD,2.5
2026-01-01,USD,3.63
2026-02-01,AUD,3.96
2026-02-01,CAD,2.1775
2026-02-01,CHF,-0.0435
2026-02-01,JPY,1.22909
2026-02-01,NZD,2.49
2026-02-01,USD,3.66
2026-03-01,AUD,4.19
2026-03-01,CAD,2.23
2026-03-01,CHF,-0.0411959090909091
2026-03-01,JPY,1.26882
2026-03-01,NZD,2.51
2026-03-01,USD,3.69
2026-04-01,AUD,4.34
2026-04-01,CAD,2.272
2026-04-01,CHF,-0.0398335
2026-04-01,JPY,1.24182
2026-04-01,NZD,2.56
2026-04-01,USD,3.77
2026-05-01,AUD,4.43
2026-05-01,CAD,2.2925
2026-05-01,CHF,-0.038125
2026-05-01,NZD,2.63
2026-05-01,USD,3.72
